time_s,tx_power_dbm,beacon_interval_s,active_vehicle_count_core,tx_count,eligible_count,success_count,mean_eligible_per_tx,mean_success_per_tx,prr_awareness,pir_s,pir_count,cbr
0.5,23.0,0.1,78,0,0,0,0.0,0.0,0.0,0.0,0,0.0
1.0,19.0,0.2,76,0,0,0,0.0,0.0,0.0,0.0,0,0.0
1.5,13.0,0.2,76,0,0,0,0.0,0.0,0.0,0.0,0,0.0
2.0,10.0,0.1,76,0,0,0,0.0,0.0,0.0,0.0,0,0.0
2.5,19.0,0.5,77,0,0,0,0.0,0.0,0.0,0.0,0,0.0
3.0,13.0,0.1,77,0,0,0,0.0,0.0,0.0,0.0,0,0.0
3.5,16.0,0.3,75,0,0,0,0.0,0.0,0.0,0.0,0,0.0
4.0,19.0,0.1,78,0,0,0,0.0,0.0,0.0,0.0,0,0.0
4.5,13.0,0.1,78,0,0,0,0.0,0.0,0.0,0.0,0,0.0
5.0,13.0,0.1,77,0,0,0,0.0,0.0,0.0,0.0,0,0.0
5.5,23.0,0.2,76,0,0,0,0.0,0.0,0.0,0.0,0,0.0
6.0,19.0,0.1,78,0,0,0,0.0,0.0,0.0,0.0,0,0.0
6.5,23.0,0.2,77,0,0,0,0.0,0.0,0.0,0.0,0,0.0
7.0,10.0,0.2,77,0,0,0,0.0,0.0,0.0,0.0,0,0.0
7.5,13.0,0.5,77,0,0,0,0.0,0.0,0.0,0.0,0,0.0
8.0,10.0,0.5,77,0,0,0,0.0,0.0,0.0,0.0,0,0.0
8.5,23.0,0.1,78,0,0,0,0.0,0.0,0.0,0.0,0,0.0
9.0,19.0,0.5,77,0,0,0,0.0,0.0,0.0,0.0,0,0.0
9.5,13.0,0.5,77,0,0,0,0.0,0.0,0.0,0.0,0,0.0
10.0,23.0,0.5,77,0,0,0,0.0,0.0,0.0,0.0,0,0.0
10.5,23.0,0.1,77,126,8371,6270,66.436508,49.761905,0.749014,0.151858,2315,0.132784
11.0,13.0,0.1,78,269,18092,13252,67.256506,49.263941,0.732478,0.246324,8597,0.266521
11.5,19.0,0.3,77,326,22024,16479,67.558282,50.54908,0.748229,0.253833,15524,0.302952
12.0,10.0,0.3,76,371,24805,19108,66.859838,51.504043,0.770329,0.233881,18706,0.344753
12.5,16.0,0.2,75,349,23073,17279,66.111748,49.510029,0.748884,0.262749,17133,0.345425
13.0,16.0,0.5,76,308,20132,14445,65.363636,46.899351,0.717514,0.308188,14368,0.318973
13.5,10.0,0.1,76,311,20367,14218,65.488746,45.717042,0.69809,0.326399,13989,0.297543
14.0,19.0,0.2,74,342,22266,14943,65.105263,43.692982,0.671113,0.308423,14733,0.29591
14.5,23.0,0.2,75,368,23561,16825,64.024457,45.720109,0.714104,0.27447,16799,0.309954
15.0,19.0,0.2,74,368,23564,17446,64.032609,47.407609,0.740367,0.260614,17341,0.326753
15.5,16.0,0.2,74,369,23530,16326,63.766938,44.243902,0.693838,0.262882,16228,0.319425
16.0,23.0,0.3,73,362,22871,14755,63.179558,40.759669,0.64514,0.278926,14746,0.304568
16.5,13.0,0.1,73,350,22036,13965,62.96,39.9,0.633736,0.291487,13904,0.303538
17.0,16.0,0.1,73,359,22682,15385,63.181058,42.855153,0.678291,0.301836,15274,0.312162
17.5,13.0,0.2,73,410,25974,17452,63.35122,42.565854,0.671903,0.261261,17356,0.330059
18.0,16.0,0.2,72,450,28446,19005,63.213333,42.233333,0.668108,0.22276,18922,0.360282
18.5,19.0,0.5,74,436,27533,18641,63.149083,42.754587,0.677042,0.220869,18482,0.35466
19.0,16.0,0.1,72,393,24855,17285,63.244275,43.982188,0.695434,0.242961,17090,0.345708
19.5,13.0,0.3,73,370,23311,15675,63.002703,42.364865,0.672429,0.265276,15614,0.346659
20.0,19.0,0.5,73,380,23903,16492,62.902632,43.4,0.689955,0.276804,16387,0.34531
20.5,16.0,0.1,73,353,22340,15325,63.286119,43.413598,0.685989,0.27505,15154,0.316181
21.0,10.0,0.2,72,327,20683,14623,63.250765,44.718654,0.707006,0.282579,14512,0.310139
21.5,13.0,0.3,71,344,21619,15573,62.84593,45.270349,0.720339,0.270241,15555,0.337068
22.0,13.0,0.1,72,344,21409,15768,62.235465,45.837209,0.736513,0.261358,15748,0.328169
22.5,10.0,0.3,72,328,20411,14611,62.228659,44.545732,0.715839,0.284148,14455,0.319141
23.0,10.0,0.2,71,337,21103,15245,62.620178,45.237389,0.722409,0.282184,15080,0.334282
23.5,13.0,0.2,73,331,20851,14675,62.993958,44.335347,0.703803,0.276141,14523,0.335834
24.0,13.0,0.3,71,310,19784,13722,63.819355,44.264516,0.693591,0.301786,13490,0.333981
24.5,23.0,0.1,72,313,19865,13554,63.466454,43.303514,0.682306,0.306731,13396,0.327769
25.0,23.0,0.3,72,351,22114,15802,63.002849,45.019943,0.71457,0.297606,15595,0.329575
25.5,23.0,0.2,73,394,24929,18514,63.271574,46.989848,0.742669,0.242961,18339,0.340922
26.0,16.0,0.2,72,406,25791,18710,63.524631,46.083744,0.725447,0.23362,18619,0.356129
26.5,19.0,0.1,72,377,24083,18273,63.880637,48.469496,0.758751,0.24325,18219,0.342639
27.0,19.0,0.1,72,374,23942,17842,64.016043,47.705882,0.745218,0.235121,17830,0.330645
27.5,16.0,0.2,72,411,26466,19479,64.394161,47.394161,0.736001,0.227693,19414,0.349681
28.0,16.0,0.5,72,448,28952,21876,64.625,48.830357,0.755595,0.206472,21787,0.376996
28.5,23.0,0.1,75,431,28039,19992,65.055684,46.385151,0.713007,0.198851,19762,0.356852
29.0,16.0,0.1,76,405,26402,18278,65.190123,45.130864,0.692296,0.237402,17924,0.347001
29.5,23.0,0.2,75,425,27631,19844,65.014118,46.691765,0.718179,0.235173,19688,0.36074
30.0,13.0,0.1,74,428,27777,20498,64.899533,47.892523,0.737949,0.22932,20458,0.368639
30.5,13.0,0.5,74,422,27288,20004,64.663507,47.402844,0.733069,0.243213,19938,0.372566
31.0,23.0,0.1,75,434,28114,19815,64.778802,45.656682,0.704809,0.238347,19648,0.364033
31.5,16.0,0.5,74,445,28918,20526,64.98427,46.125843,0.7098,0.227625,20362,0.363444
32.0,16.0,0.1,75,439,28728,20009,65.439636,45.578588,0.696498,0.207115,19898,0.370285
32.5,23.0,0.1,74,409,26991,18578,65.992665,45.422983,0.688304,0.232314,18440,0.366117
33.0,10.0,0.2,74,394,26007,19407,66.007614,49.256345,0.746222,0.249383,19216,0.366782
33.5,19.0,0.1,76,408,26971,20392,66.105392,49.980392,0.756071,0.22066,20184,0.369054
34.0,13.0,0.1,76,420,27957,20308,66.564286,48.352381,0.726401,0.228462,20065,0.370594
34.5,13.0,0.5,77,447,29864,20368,66.809843,45.565996,0.682025,0.227845,20183,0.370218
35.0,23.0,0.1,78,456,30675,20655,67.269737,45.296053,0.67335,0.232642,20504,0.376317
35.5,16.0,0.2,76,432,29269,19444,67.752315,45.009259,0.664321,0.255682,19207,0.371669
36.0,10.0,0.5,76,430,29119,19642,67.718605,45.67907,0.674542,0.252972,19431,0.374625
36.5,16.0,0.3,77,416,28288,19663,68.0,47.266827,0.6951,0.248053,19580,0.361753
37.0,19.0,0.5,78,370,25330,17886,68.459459,48.340541,0.706119,0.274278,17785,0.327758
37.5,23.0,0.2,78,331,22695,16771,68.564955,50.667674,0.738973,0.304713,16624,0.303758
38.0,10.0,0.2,77,312,21384,15896,68.538462,50.948718,0.74336,0.311559,15773,0.288782
38.5,19.0,0.1,75,301,20372,15105,67.681063,50.182724,0.741459,0.335632,14996,0.289389
39.0,19.0,0.2,77,318,21480,15267,67.54717,48.009434,0.710754,0.317033,15025,0.307486
39.5,13.0,0.2,76,352,23879,16554,67.838068,47.028409,0.693245,0.281378,16312,0.327452
40.0,13.0,0.5,77,358,24192,17176,67.575419,47.977654,0.709987,0.276601,17072,0.341385
40.5,16.0,0.1,77,336,22781,16320,67.800595,48.571429,0.716386,0.286578,16223,0.336115
41.0,10.0,0.5,77,328,22234,15625,67.786585,47.637195,0.702753,0.300446,15547,0.314782
41.5,10.0,0.1,79,344,23323,17368,67.799419,50.488372,0.744673,0.290302,17304,0.310821
42.0,13.0,0.1,78,362,24936,18234,68.883978,50.370166,0.731232,0.26377,17971,0.335246
42.5,16.0,0.1,78,397,27513,19811,69.302267,49.901763,0.72006,0.25219,19549,0.366782
43.0,19.0,0.1,79,449,31006,22659,69.055679,50.465479,0.730794,0.224402,22553,0.381697
43.5,13.0,0.2,77,500,34556,25976,69.112,51.952,0.751707,0.202248,25798,0.388717
44.0,13.0,0.2,79,520,36004,26145,69.238462,50.278846,0.726169,0.181341,25863,0.389467
44.5,10.0,0.1,80,505,35250,24092,69.80198,47.706931,0.683461,0.201897,23810,0.387454
45.0,16.0,0.3,80,492,34733,23093,70.595528,46.936992,0.664872,0.21794,22951,0.382683
45.5,10.0,0.1,80,481,34063,23802,70.817048,49.484407,0.698764,0.23312,23755,0.384424
46.0,13.0,0.5,79,466,32947,23044,70.701717,49.450644,0.699426,0.232689,23016,0.381639
46.5,13.0,0.1,80,452,31870,21149,70.50885,46.789823,0.663602,0.229446,21035,0.376195
47.0,10.0,0.2,83,448,31948,21470,71.3125,47.924107,0.67203,0.255698,21212,0.368135
47.5,19.0,0.2,85,469,34476,24234,73.509595,51.671642,0.702924,0.235344,23822,0.364564
48.0,10.0,0.1,84,466,34680,24915,74.420601,53.465665,0.718426,0.218131,24477,0.366804
48.5,10.0,0.3,84,461,34072,23748,73.908894,51.5141,0.696995,0.241102,23624,0.362139
49.0,13.0,0.1,84,480,35294,23741,73.529167,49.460417,0.672664,0.238441,23651,0.355141
49.5,16.0,0.1,84,487,35573,24982,73.045175,51.297741,0.702274,0.234411,24849,0.369357
50.0,23.0,0.1,83,501,36368,26471,72.590818,52.836327,0.727865,0.214742,26289,0.385431
50.5,19.0,0.5,83,525,38086,27477,72.544762,52.337143,0.721446,0.207025,27342,0.395175
51.0,13.0,0.2,83,530,38576,26765,72.784906,50.5,0.693825,0.204912,26734,0.391853
51.5,23.0,0.1,82,498,36287,25052,72.865462,50.305221,0.690385,0.212578,25013,0.373282
52.0,19.0,0.3,82,476,34531,23519,72.544118,49.409664,0.681098,0.220837,23483,0.365853
52.5,16.0,0.2,83,481,34922,24964,72.602911,51.900208,0.71485,0.232756,24840,0.373483
53.0,16.0,0.3,84,466,34038,24707,73.042918,53.019313,0.725865,0.247283,24409,0.362692
53.5,19.0,0.3,84,436,31965,22619,73.31422,51.87844,0.707618,0.252109,22352,0.351217
54.0,10.0,0.1,85,417,30639,21790,73.47482,52.254197,0.711185,0.265643,21522,0.339689
54.5,10.0,0.3,83,413,30488,21116,73.820823,51.128329,0.6926,0.279514,20917,0.334662
55.0,10.0,0.1,83,418,31044,22086,74.267943,52.837321,0.711442,0.271185,22029,0.350996
55.5,19.0,0.1,84,421,31449,23181,74.700713,55.061758,0.737098,0.259343,23084,0.356623
56.0,16.0,0.2,85,447,33800,24577,75.615213,54.982103,0.72713,0.248385,24396,0.360861
56.5,23.0,0.1,85,487,37111,26753,76.203285,54.934292,0.720891,0.221679,26619,0.370026
57.0,19.0,0.2,87,503,38373,26510,76.28827,52.703777,0.69085,0.21978,26333,0.360218
57.5,10.0,0.1,85,522,39753,27105,76.155172,51.925287,0.681835,0.215605,26879,0.369982
58.0,23.0,0.2,84,544,41152,26562,75.647059,48.827206,0.645461,0.208095,26469,0.383496
58.5,23.0,0.2,85,560,42037,27986,75.066071,49.975,0.665747,0.212746,27888,0.378525
59.0,13.0,0.5,86,550,41327,28069,75.14,51.034545,0.679193,0.216477,27849,0.373012
59.5,10.0,0.5,87,514,39050,25759,75.972763,50.114786,0.659641,0.227385,25520,0.369749
60.0,10.0,0.3,86,463,35732,24588,77.174946,53.105832,0.688123,0.247365,24414,0.358932
60.5,19.0,0.1,87,401,31187,22425,77.773067,55.922693,0.71905,0.275915,22321,0.335659
61.0,10.0,0.1,87,384,30016,22325,78.166667,58.138021,0.74377,0.300371,22185,0.337665
61.5,10.0,0.2,87,429,33831,24137,78.86014,56.263403,0.713458,0.270952,23912,0.368009
62.0,13.0,0.1,88,489,38608,26309,78.952965,53.801636,0.681439,0.232403,26147,0.378684
62.5,10.0,0.1,89,534,42532,29594,79.64794,55.419476,0.695806,0.227572,29326,0.377017
63.0,13.0,0.1,88,585,46894,33613,80.160684,57.45812,0.716787,0.208214,33333,0.383992
63.5,10.0,0.3,88,639,51040,36091,79.874804,56.480438,0.707112,0.173902,36046,0.392781
64.0,23.0,0.1,89,655,52364,37024,79.945038,56.525191,0.707051,0.166467,36851,0.398467
64.5,23.0,0.1,89,615,49129,35695,79.884553,58.04065,0.726557,0.180784,35457,0.390016
65.0,10.0,0.1,90,614,48938,35873,79.703583,58.425081,0.73303,0.180316,35743,0.387127
65.5,19.0,0.1,89,668,53428,36033,79.982036,53.941617,0.674422,0.183162,35895,0.395713
66.0,10.0,0.1,90,696,55813,36132,80.191092,51.913793,0.647376,0.176971,36016,0.3986
66.5,19.0,0.3,91,720,57795,37675,80.270833,52.326389,0.651873,0.176226,37450,0.400312
67.0,23.0,0.5,91,727,58401,37515,80.331499,51.602476,0.642369,0.176954,37312,0.405179
67.5,19.0,0.2,92,690,55690,34788,80.710145,50.417391,0.624672,0.175911,34555,0.397717
68.0,13.0,0.1,92,639,51987,34832,81.356808,54.510172,0.670014,0.198793,34551,0.391368
68.5,13.0,0.3,92,613,49874,34834,81.360522,56.825449,0.69844,0.197469,34645,0.389814
69.0,23.0,0.1,93,607,49477,33021,81.510708,54.400329,0.667401,0.202631,32765,0.38048
69.5,16.0,0.1,93,590,48420,32185,82.067797,54.550847,0.664705,0.216533,31927,0.379692
70.0,10.0,0.1,93,589,48561,32967,82.44652,55.971138,0.678878,0.213792,32901,0.382567
70.5,16.0,0.1,94,627,51894,33209,82.76555,52.964912,0.639939,0.208962,33145,0.384345
71.0,16.0,0.1,92,670,55572,34704,82.943284,51.797015,0.624487,0.205014,34609,0.391923
71.5,23.0,0.1,92,703,58297,37871,82.926031,53.870555,0.649622,0.191802,37779,0.399281
72.0,23.0,0.1,94,752,62555,41539,83.18484,55.238032,0.66404,0.166054,41293,0.401899
72.5,16.0,0.5,94,793,66384,43550,83.712484,54.918033,0.656032,0.154974,43258,0.407401
73.0,13.0,0.1,94,783,65701,44538,83.909323,56.881226,0.677889,0.167588,44399,0.411046
73.5,19.0,0.1,94,745,62603,42001,84.030872,56.377181,0.67091,0.166107,41903,0.411353
74.0,23.0,0.1,94,729,61214,39680,83.969822,54.430727,0.648218,0.170653,39570,0.403262
74.5,13.0,0.3,95,749,63033,39844,84.156208,53.196262,0.632113,0.169331,39506,0.400659
75.0,10.0,0.1,94,737,62150,39539,84.328358,53.648575,0.636187,0.182278,39229,0.401869
75.5,23.0,0.3,93,700,58873,39390,84.104286,56.271429,0.669067,0.192689,39281,0.401138
76.0,13.0,0.1,92,659,55228,38312,83.805766,58.136571,0.693706,0.190896,38209,0.392781
76.5,23.0,0.3,94,602,50182,35349,83.358804,58.719269,0.704416,0.202775,35177,0.377292
77.0,23.0,0.1,95,562,47173,33686,83.937722,59.939502,0.714095,0.214014,33376,0.379625
77.5,23.0,0.2,95,537,45675,32058,85.055866,59.698324,0.701872,0.2324,31815,0.391129
78.0,19.0,0.2,93,535,45282,29883,84.639252,55.856075,0.659931,0.243583,29759,0.389516
78.5,13.0,0.3,94,530,44574,29903,84.101887,56.420755,0.670862,0.242285,29691,0.378664
79.0,13.0,0.1,94,499,42254,28855,84.677355,57.825651,0.682894,0.257514,28630,0.361437
79.5,23.0,0.2,94,492,41812,25651,84.98374,52.136179,0.613484,0.271638,25542,0.34821
80.0,13.0,0.1,93,517,43851,27295,84.818182,52.794971,0.622449,0.265635,27247,0.36121
80.5,16.0,0.1,94,534,45459,29549,85.129213,55.335206,0.650014,0.251294,29446,0.370555
81.0,19.0,0.1,94,572,48914,31228,85.513986,54.594406,0.638427,0.235272,30991,0.379189
81.5,16.0,0.2,94,620,53034,33294,85.53871,53.7,0.627786,0.212217,33111,0.389067
82.0,23.0,0.2,96,651,55967,35757,85.970814,54.926267,0.638894,0.208891,35426,0.387665
82.5,16.0,0.3,97,644,55620,35312,86.36646,54.832298,0.63488,0.209761,34935,0.384242
83.0,19.0,0.2,97,597,51804,32067,86.773869,53.713568,0.619006,0.21711,31903,0.382452
83.5,10.0,0.1,97,562,49066,28476,87.30605,50.669039,0.580361,0.234205,28300,0.381639
84.0,19.0,0.2,96,551,48373,29146,87.791289,52.896552,0.602526,0.261987,29032,0.382567
84.5,23.0,0.3,96,576,50688,30128,88.0,52.305556,0.594381,0.248296,30075,0.388138
85.0,16.0,0.3,96,562,49354,27772,87.818505,49.41637,0.56271,0.244246,27675,0.382016
85.5,19.0,0.2,97,502,43839,25028,87.328685,49.856574,0.570907,0.292455,24901,0.36682
86.0,13.0,0.1,97,474,41115,24367,86.740506,51.407173,0.592655,0.331743,24081,0.348852
86.5,10.0,0.5,98,499,43526,26267,87.226453,52.639279,0.603478,0.3081,25775,0.355459
87.0,16.0,0.2,98,529,46270,29294,87.466919,55.376181,0.63311,0.276055,28964,0.371974
87.5,19.0,0.2,98,506,44218,29042,87.387352,57.395257,0.656791,0.27809,28921,0.379781
88.0,13.0,0.1,99,471,41326,27021,87.740977,57.369427,0.65385,0.286887,26911,0.371481
88.5,10.0,0.5,99,484,42366,24467,87.533058,50.551653,0.577515,0.287481,24246,0.357102
89.0,13.0,0.3,98,505,44089,27192,87.30495,53.845545,0.616752,0.300753,26936,0.36807
89.5,13.0,0.1,98,474,41361,26927,87.259494,56.808017,0.651024,0.300226,26770,0.365853
90.0,16.0,0.1,99,439,38344,24910,87.343964,56.742597,0.649645,0.323989,24819,0.353313
90.5,19.0,0.1,99,476,41758,26895,87.726891,56.502101,0.644068,0.315488,26711,0.378309
91.0,10.0,0.5,99,565,49803,32020,88.146903,56.672566,0.642933,0.264462,31885,0.396496
91.5,16.0,0.2,97,583,51564,33053,88.445969,56.694683,0.641009,0.226124,32995,0.392781
92.0,19.0,0.2,100,540,47565,30230,88.083333,55.981481,0.635551,0.2357,29959,0.389113
92.5,10.0,0.1,101,527,46380,29843,88.00759,56.628083,0.643445,0.257196,29428,0.380618
93.0,23.0,0.3,101,541,47913,29762,88.563771,55.012939,0.621168,0.27247,29497,0.367379
93.5,19.0,0.2,101,572,50582,31546,88.43007,55.15035,0.623661,0.273454,31443,0.38071
94.0,16.0,0.1,101,569,50083,30493,88.019332,53.59051,0.608849,0.266311,30456,0.38721
94.5,13.0,0.1,101,543,47738,28937,87.915285,53.290976,0.606163,0.297963,28896,0.384424
95.0,16.0,0.1,101,570,50114,30638,87.919298,53.750877,0.611366,0.272375,30613,0.384424
95.5,13.0,0.5,101,615,53916,32789,87.668293,53.315447,0.60815,0.252144,32778,0.378926
96.0,19.0,0.5,100,628,55031,35975,87.628981,57.285032,0.653722,0.230007,35862,0.384508
96.5,10.0,0.3,101,584,51676,34838,88.486301,59.65411,0.674162,0.237897,34661,0.381133
97.0,19.0,0.3,99,500,44576,30009,89.152,60.018,0.67321,0.263228,29901,0.372831
97.5,10.0,0.2,99,428,38030,27025,88.85514,63.142523,0.710623,0.300881,26944,0.347282
98.0,23.0,0.3,99,386,34393,24797,89.101036,64.240933,0.72099,0.336589,24740,0.328711
98.5,23.0,0.1,99,374,33392,22820,89.283422,61.016043,0.683397,0.347271,22802,0.329639
99.0,10.0,0.3,101,403,36034,23654,89.414392,58.694789,0.656436,0.35686,23365,0.332131
99.5,19.0,0.5,101,449,40504,26488,90.209354,58.993318,0.65396,0.313252,26101,0.350012
100.0,23.0,0.3,101,433,38920,27356,89.884527,63.177829,0.702878,0.300349,27257,0.352853
100.5,16.0,0.5,102,406,36147,25633,89.03202,63.135468,0.709132,0.325195,25592,0.344797
101.0,19.0,0.1,101,395,35312,25101,89.397468,63.546835,0.710835,0.341851,24982,0.336286
101.5,19.0,0.2,102,397,35705,25627,89.937028,64.551637,0.717743,0.332024,25342,0.340272
102.0,10.0,0.1,102,439,39576,27977,90.150342,63.728929,0.706918,0.30192,27739,0.36487
102.5,13.0,0.1,102,482,43597,30902,90.450207,64.112033,0.70881,0.279081,30754,0.372353
103.0,10.0,0.1,103,553,49999,34695,90.414105,62.739602,0.693914,0.255183,34657,0.377996
103.5,10.0,0.2,104,648,58752,38661,90.666667,59.662037,0.658037,0.220344,38443,0.386639
104.0,16.0,0.5,104,694,63403,39103,91.35879,56.34438,0.616737,0.204902,38854,0.394058
104.5,19.0,0.3,105,670,61508,38930,91.802985,58.104478,0.632926,0.218609,38857,0.394851
105.0,23.0,0.3,105,603,55592,36758,92.192371,60.958541,0.66121,0.246362,36597,0.382859
105.5,16.0,0.1,105,534,49230,33471,92.191011,62.679775,0.67989,0.282216,33272,0.373352
106.0,23.0,0.1,104,503,46168,30550,91.785288,60.735586,0.661714,0.290662,30415,0.377924
106.5,16.0,0.1,104,547,50310,31496,91.974406,57.579525,0.626039,0.263923,31451,0.377924
107.0,10.0,0.1,104,617,56844,35368,92.12966,57.322528,0.622194,0.24204,35351,0.381639
107.5,10.0,0.1,104,688,63129,40203,91.757267,58.434593,0.636839,0.227194,40173,0.397424
108.0,23.0,0.3,104,749,68466,43478,91.40988,58.048064,0.635031,0.212513,43447,0.402995
108.5,16.0,0.5,104,746,68147,43750,91.349866,58.646113,0.641995,0.209443,43660,0.405772
109.0,13.0,0.2,105,684,62458,41634,91.312865,60.868421,0.666592,0.210537,41519,0.401085
109.5,10.0,0.3,106,614,56285,38722,91.669381,63.065147,0.687963,0.223268,38528,0.386947
110.0,13.0,0.5,105,563,51839,34266,92.076377,60.863233,0.661008,0.260373,34052,0.374891
110.5,23.0,0.5,105,506,46317,30975,91.535573,61.215415,0.668761,0.303267,30890,0.370496
111.0,10.0,0.5,105,446,40600,28539,91.03139,63.988789,0.702931,0.326324,28467,0.366782
111.5,13.0,0.5,106,413,37541,26547,90.898305,64.27845,0.707147,0.351344,26419,0.34673
112.0,13.0,0.1,106,386,35379,24486,91.65544,63.435233,0.692105,0.369757,24346,0.337278
112.5,19.0,0.2,106,400,37320,26374,93.3,65.935,0.706699,0.353304,26301,0.333353
113.0,13.0,0.3,106,465,43604,30769,93.772043,66.169892,0.705646,0.302211,30732,0.345425
113.5,16.0,0.1,107,480,44885,31088,93.510417,64.766667,0.692614,0.291566,31013,0.355517
114.0,10.0,0.1,107,488,45589,30722,93.420082,62.954918,0.673891,0.306953,30471,0.356316
114.5,16.0,0.3,106,548,51182,34129,93.39781,62.279197,0.666816,0.273598,33930,0.373133
115.0,16.0,0.5,105,585,54261,34796,92.753846,59.480342,0.641271,0.251237,34761,0.382567
115.5,13.0,0.5,106,547,50527,32823,92.371115,60.005484,0.649613,0.274706,32778,0.371354
116.0,19.0,0.2,106,480,44842,32260,93.420833,67.208333,0.719415,0.300288,32169,0.364793
116.5,10.0,0.5,107,450,42614,30679,94.697778,68.175556,0.719928,0.311275,30596,0.361184
117.0,10.0,0.3,108,436,41436,27925,95.036697,64.048165,0.673931,0.328404,27668,0.350196
117.5,19.0,0.1,108,416,39636,26475,95.278846,63.641827,0.667953,0.356621,26223,0.339982
118.0,19.0,0.1,107,443,42111,27672,95.058691,62.465011,0.65712,0.349516,27547,0.344496
118.5,10.0,0.5,107,504,47649,31367,94.541667,62.236111,0.658293,0.300713,31273,0.363067
119.0,16.0,0.2,108,538,50709,34469,94.254647,64.068773,0.679741,0.264754,34389,0.370685
119.5,13.0,0.2,108,511,48105,33268,94.138943,65.103718,0.691571,0.289132,33056,0.377873
120.0,16.0,0.2,107,470,43954,30608,93.519149,65.123404,0.696364,0.331117,30410,0.377924
120.5,23.0,0.1,108,467,43472,29012,93.087794,62.124197,0.667372,0.317548,28927,0.365509
121.0,10.0,0.2,108,495,46261,29341,93.456566,59.274747,0.634249,0.322495,29205,0.360737
121.5,13.0,0.1,108,552,51796,31728,93.833333,57.478261,0.612557,0.291527,31641,0.376996
122.0,19.0,0.2,108,600,56500,33656,94.166667,56.093333,0.595681,0.273031,33600,0.388138
122.5,13.0,0.5,111,637,60313,34030,94.682889,53.422292,0.564223,0.272046,33884,0.376803
123.0,23.0,0.1,111,626,60052,34456,95.929712,55.041534,0.573769,0.270855,34134,0.375473
123.5,19.0,0.1,109,611,58972,34367,96.517185,56.247136,0.582768,0.275177,34150,0.383496
124.0,16.0,0.1,109,641,61652,36261,96.180967,56.569423,0.588156,0.271587,36169,0.395567
124.5,13.0,0.2,109,689,66383,38836,96.34688,56.365747,0.585029,0.245847,38792,0.398353
125.0,19.0,0.5,110,714,68784,39372,96.336134,55.142857,0.572401,0.227941,39339,0.40416
125.5,13.0,0.1,110,657,63349,36528,96.421613,55.598174,0.576615,0.256896,36390,0.398564
126.0,23.0,0.3,110,629,60689,34525,96.484897,54.888712,0.568884,0.270475,34381,0.385353
126.5,13.0,0.2,109,645,62023,37508,96.15969,58.151938,0.604743,0.269741,37462,0.389067
127.0,10.0,0.1,109,614,58866,36914,95.872964,60.120521,0.627085,0.26243,36767,0.387508
127.5,19.0,0.3,109,600,57175,34011,95.291667,56.685,0.594858,0.278375,33842,0.380966
128.0,13.0,0.2,109,625,59195,34573,94.712,55.3168,0.584053,0.273928,34531,0.383496
128.5,10.0,0.2,108,600,56970,33478,94.95,55.796667,0.587643,0.285347,33448,0.379781
129.0,23.0,0.1,108,558,53034,31362,95.043011,56.204301,0.591356,0.298547,31335,0.372353
129.5,13.0,0.1,110,580,55327,31934,95.391379,55.058621,0.577187,0.312193,31882,0.367406
130.0,23.0,0.5,110,655,63016,35817,96.207634,54.682443,0.568379,0.271818,35625,0.384728
130.5,23.0,0.2,110,701,67475,39074,96.25535,55.740371,0.579089,0.232949,38887,0.401138
131.0,23.0,0.3,110,673,64762,42342,96.228826,62.915305,0.653809,0.245956,42229,0.395567
131.5,19.0,0.1,110,614,59045,39638,96.164495,64.557003,0.671318,0.257221,39457,0.383285
132.0,13.0,0.3,110,580,55773,35352,96.160345,60.951724,0.633855,0.284108,35194,0.379486
132.5,16.0,0.1,110,589,56823,35786,96.473684,60.757216,0.62978,0.272199,35656,0.385074
133.0,23.0,0.2,110,602,58341,36319,96.91196,60.330565,0.62253,0.258341,36166,0.392368
133.5,13.0,0.1,110,605,58785,35223,97.165289,58.219835,0.599183,0.271721,35174,0.391853
134.0,19.0,0.1,110,621,60352,34549,97.185185,55.634461,0.572458,0.279455,34522,0.39024
134.5,10.0,0.2,110,666,64823,36816,97.331832,55.279279,0.567947,0.245063,36676,0.395744
135.0,19.0,0.2,110,691,67338,40979,97.450072,59.303907,0.608557,0.23383,40821,0.399771
135.5,23.0,0.2,111,674,65849,39349,97.698813,58.381306,0.597564,0.242437,39085,0.393794
136.0,10.0,0.2,110,641,62714,35514,97.837754,55.404056,0.566285,0.269029,35261,0.386788
136.5,23.0,0.5,111,614,60182,32564,98.016287,53.035831,0.541092,0.280254,32472,0.378769
137.0,10.0,0.3,110,592,58121,31338,98.177365,52.935811,0.539185,0.305153,31208,0.370285
137.5,23.0,0.1,110,549,53684,28692,97.785064,52.262295,0.534461,0.328819,28630,0.351925
138.0,16.0,0.2,110,527,51212,28066,97.176471,53.256167,0.548036,0.354376,27968,0.345053
138.5,16.0,0.5,110,584,56691,32710,97.07363,56.010274,0.576988,0.331882,32575,0.371669
139.0,10.0,0.5,111,603,58752,35729,97.432836,59.252073,0.608132,0.316253,35554,0.38731
139.5,16.0,0.3,112,555,54301,34749,97.83964,62.610811,0.639933,0.299189,34514,0.381846
140.0,13.0,0.1,112,507,49856,33322,98.335306,65.723866,0.668365,0.310322,33061,0.361691
140.5,13.0,0.5,112,492,48542,33173,98.662602,67.424797,0.683388,0.309748,32923,0.354022
141.0,10.0,0.3,112,510,50284,34625,98.596078,67.892157,0.688589,0.284099,34516,0.366782
141.5,23.0,0.5,111,489,48160,32888,98.486708,67.255624,0.68289,0.294358,32841,0.36771
142.0,10.0,0.3,111,459,44959,31953,97.949891,69.614379,0.710714,0.339289,31915,0.359353
142.5,16.0,0.1,110,400,39117,28427,97.7925,71.0675,0.726717,0.369243,28398,0.34171
143.0,16.0,0.5,112,397,39061,26531,98.390428,66.828715,0.67922,0.362175,26366,0.335865
143.5,13.0,0.5,112,467,45932,30667,98.35546,65.668094,0.667661,0.325136,30377,0.362926
144.0,10.0,0.1,111,477,46630,32368,97.756813,67.857442,0.694145,0.322709,32223,0.365853
144.5,13.0,0.1,111,477,46557,32425,97.603774,67.976939,0.696458,0.323615,32390,0.356567
145.0,13.0,0.5,111,513,50119,34686,97.697856,67.614035,0.692073,0.294385,34660,0.376996
145.5,13.0,0.5,111,533,52142,35755,97.827392,67.082552,0.685724,0.272048,35736,0.386281
146.0,16.0,0.5,111,482,47695,34235,98.952282,71.026971,0.71779,0.288207,34213,0.368639
146.5,19.0,0.1,110,395,39122,28743,99.043038,72.767089,0.734702,0.343449,28727,0.337068
147.0,23.0,0.5,111,370,36296,25673,98.097297,69.386486,0.707323,0.366336,25628,0.330902
147.5,19.0,0.1,111,395,39011,27727,98.762025,70.194937,0.710748,0.371245,27632,0.360164
148.0,23.0,0.1,110,421,41458,29884,98.475059,70.983373,0.720826,0.353022,29798,0.36121
148.5,10.0,0.2,111,480,46804,31392,97.508333,65.4,0.670712,0.311533,31268,0.36674
149.0,19.0,0.5,111,553,53769,34077,97.231465,61.622061,0.633767,0.287689,33991,0.389694
149.5,23.0,0.2,111,546,53190,35429,97.417582,64.888278,0.666084,0.289393,35379,0.38721
150.0,19.0,0.2,111,490,47892,32841,97.738776,67.022449,0.68573,0.318628,32742,0.372353
150.5,19.0,0.1,111,455,44635,30201,98.098901,66.375824,0.676621,0.334427,30179,0.365853
151.0,10.0,0.5,111,481,47377,31252,98.496881,64.972973,0.659645,0.324065,31226,0.368639
151.5,23.0,0.1,112,534,52964,34831,99.183521,65.226592,0.657635,0.282266,34699,0.377128
152.0,16.0,0.2,113,553,55251,35819,99.911392,64.772152,0.648296,0.280651,35621,0.385558
152.5,10.0,0.3,113,580,58100,36670,100.172414,63.224138,0.631153,0.284807,36530,0.394745
153.0,23.0,0.1,113,589,59143,37403,100.412564,63.502547,0.632416,0.265234,37268,0.394638
153.5,10.0,0.3,114,578,58031,38433,100.399654,66.49308,0.662284,0.278296,38297,0.383341
154.0,13.0,0.2,113,577,57847,37663,100.254766,65.27383,0.65108,0.285052,37506,0.381326
154.5,19.0,0.2,114,550,55147,35253,100.267273,64.096364,0.639255,0.293222,35178,0.373037
155.0,13.0,0.1,114,530,53205,32899,100.386792,62.073585,0.618344,0.295908,32744,0.374715
155.5,23.0,0.2,115,565,57095,33372,101.053097,59.065487,0.5845,0.309855,33202,0.375211
156.0,10.0,0.5,116,605,61628,35871,101.864463,59.290909,0.582057,0.297286,35593,0.37104
156.5,13.0,0.3,116,584,59732,35968,102.280822,61.589041,0.602156,0.288511,35757,0.37369
157.0,19.0,0.1,116,557,57158,35331,102.617594,63.43088,0.618129,0.318969,35246,0.364924
157.5,10.0,0.5,116,571,58963,36604,103.262697,64.105079,0.620796,0.308975,36556,0.360282
158.0,13.0,0.5,117,592,61194,38224,103.368243,64.567568,0.624636,0.283367,38173,0.366186
158.5,13.0,0.1,117,564,58218,39336,103.223404,69.744681,0.675667,0.292591,39086,0.371155
159.0,19.0,0.3,117,528,54529,38129,103.274621,72.214015,0.699243,0.309388,37827,0.36121
159.5,23.0,0.2,117,524,54162,37391,103.362595,71.35687,0.690355,0.293248,37280,0.36121
160.0,10.0,0.1,117,527,54760,37273,103.908918,70.726755,0.680661,0.287346,37243,0.363067
160.5,23.0,0.2,117,551,57190,37106,103.793103,67.343013,0.64882,0.315879,36994,0.357948
161.0,19.0,0.1,116,603,62548,39668,103.728027,65.784411,0.634201,0.297947,39529,0.365045
161.5,13.0,0.5,116,616,63945,40549,103.806818,65.826299,0.634123,0.277516,40480,0.372353
162.0,16.0,0.3,116,608,63031,38913,103.669408,64.001645,0.617363,0.276415,38877,0.378853
162.5,10.0,0.1,116,597,62032,38178,103.906198,63.949749,0.615457,0.293665,38144,0.37421
163.0,13.0,0.1,117,587,61336,39561,104.49063,67.39523,0.644988,0.302137,39444,0.374464
163.5,16.0,0.5,117,638,66861,43896,104.797806,68.802508,0.656526,0.269556,43730,0.389027
164.0,19.0,0.3,117,676,70728,45478,104.627219,67.275148,0.642999,0.241712,45401,0.392781
164.5,13.0,0.5,116,633,66045,44997,104.336493,71.085308,0.681308,0.257866,44974,0.389996
165.0,19.0,0.1,115,548,56973,41025,103.965328,74.863139,0.720078,0.267483,41003,0.375139
165.5,23.0,0.3,116,523,54627,39016,104.449331,74.600382,0.714226,0.281683,38939,0.36462
166.0,10.0,0.1,115,568,59431,42871,104.632042,75.477113,0.721358,0.271024,42766,0.372684
166.5,16.0,0.5,116,589,61091,42482,103.719864,72.125637,0.695389,0.255496,42448,0.366397
167.0,10.0,0.5,116,572,59226,40920,103.541958,71.538462,0.690913,0.250612,40782,0.360594
167.5,13.0,0.3,116,522,54223,37537,103.875479,71.909962,0.692271,0.28428,37348,0.359353
168.0,13.0,0.1,116,458,47554,33030,103.829694,72.117904,0.694579,0.336164,32817,0.343512
168.5,16.0,0.3,113,467,48206,33195,103.224839,71.08137,0.688607,0.340423,33042,0.34821
169.0,13.0,0.2,113,510,52207,36844,102.366667,72.243137,0.705729,0.306486,36830,0.368639
169.5,13.0,0.1,112,491,49902,35315,101.633401,71.924644,0.707687,0.306637,35305,0.36121
170.0,10.0,0.1,113,515,52264,33914,101.483495,65.852427,0.648898,0.30646,33853,0.349616
170.5,19.0,0.1,113,634,64852,41266,102.290221,65.088328,0.63631,0.257863,41032,0.376831
171.0,19.0,0.1,113,708,72722,47913,102.714689,67.673729,0.658852,0.227844,47728,0.40021
171.5,23.0,0.1,112,754,77241,49326,102.441645,65.419098,0.638599,0.206188,49295,0.403924
172.0,13.0,0.2,112,815,82897,50107,101.71411,61.480982,0.604449,0.209002,50092,0.407638
172.5,19.0,0.2,111,839,84918,50631,101.213349,60.346841,0.596234,0.207184,50621,0.414138
173.0,10.0,0.1,111,792,80017,47053,101.031566,59.410354,0.588038,0.215827,46896,0.405932
173.5,13.0,0.2,111,734,73967,43709,100.77248,59.549046,0.590926,0.231197,43533,0.399449
174.0,16.0,0.3,110,738,74222,44357,100.571816,60.104336,0.597626,0.219343,44336,0.394638
174.5,23.0,0.1,112,723,72617,42922,100.438451,59.366528,0.591074,0.224831,42891,0.389788
175.0,23.0,0.1,112,694,69845,39316,100.64121,56.651297,0.562904,0.256288,39158,0.394199
175.5,13.0,0.2,112,717,72391,41574,100.963738,57.983264,0.574298,0.252913,41406,0.390924
176.0,23.0,0.1,112,736,74209,44084,100.827446,59.896739,0.594052,0.234486,44012,0.389996
176.5,10.0,0.2,111,735,73959,43127,100.62449,58.67619,0.58312,0.226745,43061,0.39371
177.0,13.0,0.1,111,744,74749,44118,100.469086,59.298387,0.590215,0.234095,44111,0.402995
177.5,10.0,0.1,110,738,74027,43239,100.307588,58.589431,0.584098,0.230628,43237,0.405781
178.0,16.0,0.5,109,755,75392,41082,99.856954,54.413245,0.544912,0.226463,41081,0.405781
178.5,13.0,0.1,110,767,76092,42487,99.207301,55.393742,0.558364,0.234157,42426,0.407199
179.0,13.0,0.3,109,761,75214,44810,98.835742,58.883049,0.595767,0.229527,44723,0.407195
179.5,23.0,0.5,109,757,74542,45408,98.470277,59.984148,0.60916,0.227747,45367,0.401138
180.0,23.0,0.2,108,712,69813,43523,98.051966,61.127809,0.623423,0.233799,43497,0.39371
180.5,13.0,0.1,108,639,62364,39892,97.596244,62.428795,0.639664,0.25162,39850,0.389996
181.0,13.0,0.3,108,603,58555,38336,97.106136,63.575456,0.654701,0.268813,38300,0.384424
181.5,19.0,0.3,107,615,59486,38077,96.725203,61.913821,0.6401,0.250368,38072,0.38071
182.0,19.0,0.2,107,591,56992,38564,96.433164,65.252115,0.676656,0.246142,38506,0.382914
182.5,10.0,0.3,108,553,53274,36507,96.336347,66.016275,0.685269,0.261092,36314,0.373797
183.0,16.0,0.3,109,533,51407,35199,96.448405,66.0394,0.684712,0.271841,34931,0.359464
183.5,23.0,0.1,109,517,49972,33528,96.65764,64.851064,0.670936,0.291447,33293,0.341463
184.0,23.0,0.2,110,520,50129,32903,96.401923,63.275,0.656367,0.284674,32787,0.337802
184.5,19.0,0.1,110,574,55303,36036,96.34669,62.780488,0.65161,0.261456,35927,0.368065
185.0,10.0,0.3,110,627,60786,38118,96.947368,60.794258,0.627085,0.260252,37997,0.382567
185.5,10.0,0.5,110,642,62346,37864,97.11215,58.978193,0.60732,0.250283,37808,0.386281
186.0,23.0,0.1,109,611,59053,36777,96.649755,60.191489,0.62278,0.259398,36752,0.388138
186.5,10.0,0.5,110,580,55998,35776,96.548276,61.682759,0.63888,0.279776,35764,0.384745
187.0,13.0,0.5,110,588,56974,36641,96.894558,62.314626,0.643118,0.273158,36498,0.383715
187.5,13.0,0.1,109,531,51240,34848,96.497175,65.627119,0.680094,0.27517,34736,0.36121
188.0,16.0,0.5,109,481,46110,32321,95.862786,67.195426,0.700954,0.298085,32309,0.347282
188.5,10.0,0.5,109,488,46784,34268,95.868852,70.221311,0.732473,0.292231,34231,0.355767
189.0,23.0,0.1,108,453,43521,33229,96.072848,73.353201,0.763516,0.293347,33093,0.351804
189.5,19.0,0.5,108,427,41297,30445,96.714286,71.299766,0.737221,0.311702,30334,0.344496
190.0,13.0,0.5,108,449,43646,31190,97.207127,69.465479,0.714613,0.286095,31173,0.353782
190.5,16.0,0.3,109,430,41759,30008,97.113953,69.786047,0.7186,0.300596,29855,0.336292
191.0,10.0,0.1,109,381,36724,25978,96.388451,68.183727,0.707385,0.383149,25701,0.323812
191.5,16.0,0.1,109,398,38244,25873,96.090452,65.007538,0.676524,0.390761,25743,0.331496
192.0,23.0,0.3,107,464,44496,29731,95.896552,64.075431,0.668172,0.327951,29709,0.347282
192.5,13.0,0.1,107,511,48692,33157,95.287671,64.886497,0.680954,0.281037,33147,0.364924
193.0,16.0,0.1,106,535,50675,34292,94.719626,64.097196,0.676704,0.267437,34286,0.373282
193.5,23.0,0.1,105,587,55356,37200,94.303237,63.373083,0.672014,0.255148,37192,0.385353
194.0,16.0,0.5,105,665,62648,41453,94.207519,62.335338,0.661681,0.225422,41448,0.397424
194.5,10.0,0.1,107,693,65419,44345,94.399711,63.989899,0.677861,0.198142,44190,0.401355
195.0,13.0,0.5,106,668,63286,43411,94.739521,64.986527,0.685949,0.215621,43191,0.408803
195.5,19.0,0.2,105,619,58620,41005,94.701131,66.243942,0.699505,0.231493,40925,0.403924
196.0,10.0,0.2,105,556,52337,37439,94.131295,67.336331,0.715345,0.256633,37367,0.381639
196.5,16.0,0.5,103,516,48224,31712,93.457364,61.457364,0.657598,0.280461,31660,0.35471
197.0,16.0,0.5,103,484,45084,29136,93.14876,60.198347,0.64626,0.303902,29128,0.345425
197.5,23.0,0.2,103,457,42283,28460,92.522976,62.275711,0.673084,0.30856,28454,0.335211
198.0,19.0,0.5,102,440,40481,27238,92.002273,61.904545,0.672859,0.319852,27229,0.327782
198.5,23.0,0.1,103,425,39080,26659,91.952941,62.727059,0.682165,0.318022,26638,0.324032
199.0,10.0,0.2,102,453,41502,28038,91.615894,61.89404,0.675582,0.308691,27855,0.349166
199.5,16.0,0.3,101,494,45121,31496,91.338057,63.757085,0.698034,0.297316,31248,0.378899
200.0,19.0,0.3,101,489,44462,30964,90.924335,63.321063,0.696415,0.276092,30929,0.372353
200.5,16.0,0.2,101,449,40702,28118,90.650334,62.623608,0.690826,0.307342,28096,0.359353
201.0,16.0,0.1,101,417,37896,25267,90.877698,60.592326,0.666746,0.329162,25257,0.349139
201.5,13.0,0.1,100,444,40485,26112,91.182432,58.810811,0.64498,0.318939,26108,0.350996
202.0,10.0,0.5,98,541,49064,31399,90.691312,58.038817,0.63996,0.266019,31398,0.370496
202.5,10.0,0.5,98,591,53218,33914,90.047377,57.384095,0.637266,0.225568,33851,0.387115
203.0,23.0,0.2,98,543,48597,31250,89.497238,57.550645,0.643044,0.247912,31152,0.376086
203.5,19.0,0.5,98,493,44139,29557,89.53144,59.953347,0.669635,0.281224,29476,0.356567
204.0,10.0,0.5,97,451,40332,26882,89.427938,59.605322,0.666518,0.290146,26814,0.335211
204.5,23.0,0.2,97,387,34187,23390,88.338501,60.439276,0.684178,0.329095,23388,0.316639
205.0,19.0,0.2,97,340,29861,19809,87.826471,58.261765,0.663374,0.377696,19808,0.310139
205.5,16.0,0.2,96,325,28447,17934,87.529231,55.181538,0.630436,0.416112,17933,0.306425
206.0,13.0,0.1,97,347,30226,19083,87.106628,54.994236,0.631344,0.416084,19074,0.305324
206.5,23.0,0.1,95,410,35574,22258,86.765854,54.287805,0.625682,0.361525,22138,0.327313
207.0,19.0,0.3,96,468,40465,26580,86.463675,56.794872,0.656864,0.304255,26465,0.364315
207.5,13.0,0.3,96,499,43182,29066,86.537074,58.248497,0.673105,0.269311,28956,0.381832
208.0,13.0,0.5,98,482,41886,28828,86.900415,59.809129,0.688249,0.273951,28501,0.370155
208.5,13.0,0.2,98,423,37037,25478,87.55792,60.231678,0.687907,0.299545,25130,0.348011
209.0,13.0,0.5,97,396,34948,23677,88.252525,59.790404,0.677492,0.315858,23596,0.335211
209.5,23.0,0.1,96,383,33709,23084,88.013055,60.27154,0.684802,0.34697,23057,0.332425
210.0,16.0,0.5,96,377,32905,22005,87.281167,58.3687,0.668743,0.337533,22001,0.329639
210.5,23.0,0.5,96,397,34420,23892,86.700252,60.18136,0.694131,0.333671,23891,0.349139
211.0,13.0,0.1,96,389,33554,23181,86.257069,59.59126,0.690857,0.327692,23109,0.341285
211.5,16.0,0.1,95,362,31352,21912,86.607735,60.530387,0.698903,0.340305,21807,0.321829
212.0,23.0,0.1,96,403,35005,24983,86.861042,61.992556,0.713698,0.298989,24872,0.343616
212.5,16.0,0.1,96,478,41288,30296,86.376569,63.380753,0.733773,0.249278,30155,0.377799
213.0,10.0,0.2,95,526,45324,32387,86.1673,61.572243,0.714566,0.235727,32368,0.392781
213.5,13.0,0.2,96,555,47719,32088,85.98018,57.816216,0.672437,0.230423,31977,0.393787
214.0,23.0,0.5,96,540,46276,29634,85.696296,54.877778,0.640375,0.246843,29506,0.389357
214.5,10.0,0.1,94,504,43055,27535,85.426587,54.632937,0.639531,0.274756,27495,0.375139
215.0,13.0,0.5,94,497,42302,27026,85.114688,54.37827,0.638882,0.271918,27002,0.370496
215.5,13.0,0.5,93,506,42868,28211,84.719368,55.752964,0.65809,0.255433,28209,0.378853
216.0,13.0,0.5,94,479,40490,27437,84.530271,57.279749,0.677624,0.264271,27429,0.362178
216.5,23.0,0.3,94,419,35651,25138,85.085919,59.995227,0.705113,0.278932,25078,0.340071
217.0,19.0,0.1,95,342,29031,21196,84.885965,61.976608,0.730116,0.33736,21080,0.307383
217.5,16.0,0.3,94,326,27470,19214,84.263804,58.93865,0.699454,0.375153,19114,0.305418
218.0,10.0,0.1,93,361,30449,21346,84.34626,59.130194,0.701041,0.331322,21263,0.333353
218.5,23.0,0.3,92,399,33360,23172,83.609023,58.075188,0.694604,0.311032,23141,0.346353
219.0,10.0,0.5,92,444,36791,26260,82.862613,59.144144,0.713762,0.275861,26241,0.36771
219.5,10.0,0.5,92,428,35364,25810,82.626168,60.303738,0.729838,0.255153,25809,0.375139
220.0,16.0,0.1,93,357,29505,21079,82.647059,59.044818,0.714421,0.306191,20983,0.353302
220.5,19.0,0.5,93,333,27510,19635,82.612613,58.963964,0.71374,0.347014,19520,0.346922
221.0,23.0,0.1,94,350,28792,21537,82.262857,61.534286,0.74802,0.327063,21430,0.336593
221.5,16.0,0.1,94,366,29928,21661,81.770492,59.18306,0.72377,0.325205,21457,0.333828
222.0,16.0,0.3,93,404,32871,22909,81.363861,56.705446,0.696937,0.316745,22791,0.349978
222.5,23.0,0.1,93,441,36136,25424,81.941043,57.650794,0.703564,0.275645,25335,0.37408
223.0,13.0,0.3,92,459,37763,26734,82.272331,58.244009,0.707942,0.247353,26657,0.377924
223.5,13.0,0.1,93,465,38001,27419,81.722581,58.965591,0.721534,0.254154,27344,0.37421
224.0,23.0,0.3,93,491,40053,27772,81.574338,56.562118,0.693381,0.244335,27675,0.377146
224.5,16.0,0.1,91,509,41204,28797,80.950884,56.575639,0.698888,0.243798,28752,0.377924
225.0,19.0,0.5,91,493,39357,28103,79.831643,57.004057,0.714053,0.237845,27909,0.369751
225.5,13.0,0.3,91,470,37443,26936,79.665957,57.310638,0.719387,0.244266,26694,0.37022
226.0,16.0,0.1,91,417,33262,23778,79.764988,57.021583,0.71487,0.272112,23699,0.365853
226.5,19.0,0.1,91,383,30318,21325,79.159269,55.678851,0.703378,0.307042,21315,0.36121
227.0,19.0,0.3,91,421,33149,22775,78.738717,54.097387,0.687049,0.294446,22772,0.363669
227.5,10.0,0.2,91,459,36159,23422,78.777778,51.028322,0.64775,0.263917,23260,0.365843
228.0,23.0,0.5,91,442,34713,22603,78.536199,51.138009,0.651139,0.291416,22270,0.362118
228.5,19.0,0.3,90,398,31210,21320,78.417085,53.567839,0.683114,0.295872,21153,0.358218
229.0,13.0,0.5,90,371,29182,19852,78.657682,53.509434,0.680282,0.320525,19835,0.340782
229.5,23.0,0.2,90,348,27470,18573,78.936782,53.37069,0.676119,0.340864,18567,0.311068
230.0,13.0,0.5,89,325,25673,18202,78.993846,56.006154,0.708994,0.339052,18202,0.303639
230.5,13.0,0.2,88,331,25905,17755,78.26284,53.640483,0.685389,0.336577,17754,0.312925
231.0,13.0,0.5,87,346,26823,17933,77.523121,51.82948,0.668568,0.341791,17932,0.322211
231.5,13.0,0.5,87,340,26071,17766,76.679412,52.252941,0.681447,0.347973,17766,0.325925
232.0,10.0,0.1,85,326,24682,16994,75.711656,52.128834,0.688518,0.339767,16994,0.322211
232.5,13.0,0.5,87,336,25333,16899,75.395833,50.294643,0.667075,0.329821,16816,0.316031
233.0,19.0,0.1,89,365,27661,18333,75.783562,50.227397,0.662774,0.313119,18041,0.317151
233.5,23.0,0.3,88,372,28303,19321,76.083333,51.938172,0.682648,0.306204,19057,0.325988
234.0,19.0,0.2,88,354,26976,18260,76.20339,51.581921,0.676898,0.312524,18167,0.333353
234.5,10.0,0.2,88,342,26055,16676,76.184211,48.760234,0.640031,0.341305,16638,0.332425
235.0,16.0,0.3,87,338,25713,16538,76.073964,48.928994,0.643177,0.358157,16529,0.311068
235.5,23.0,0.1,84,340,25703,16222,75.597059,47.711765,0.631133,0.369639,16216,0.308282
236.0,23.0,0.1,84,358,26756,17844,74.73743,49.843575,0.666916,0.345721,17835,0.331496
236.5,10.0,0.1,85,396,29355,19520,74.128788,49.292929,0.664963,0.293934,19413,0.345872
237.0,10.0,0.5,85,441,32616,21382,73.959184,48.485261,0.655568,0.251257,21272,0.365524
237.5,10.0,0.3,85,468,34607,23333,73.946581,49.856838,0.674228,0.235194,23324,0.377924
238.0,23.0,0.2,85,449,33206,23213,73.955457,51.699332,0.69906,0.239323,23163,0.366323
238.5,23.0,0.3,86,406,29886,21918,73.610837,53.985222,0.733387,0.259189,21724,0.348707
239.0,19.0,0.1,84,381,27871,19749,73.152231,51.834646,0.708586,0.289951,19590,0.336924
239.5,10.0,0.1,85,386,28192,19173,73.036269,49.670984,0.680087,0.28343,19075,0.331365
240.0,10.0,0.1,85,441,32215,20409,73.049887,46.278912,0.633525,0.246836,20307,0.361167
240.5,16.0,0.5,84,525,38224,23581,72.807619,44.91619,0.616916,0.221731,23557,0.39371
241.0,10.0,0.2,84,556,40125,25718,72.167266,46.255396,0.640947,0.213074,25707,0.394638
241.5,16.0,0.3,83,519,37071,24553,71.427746,47.308285,0.662324,0.222037,24552,0.376067
242.0,10.0,0.3,83,460,32555,22487,70.771739,48.884783,0.690739,0.237938,22487,0.367005
242.5,23.0,0.1,82,415,29405,19022,70.855422,45.836145,0.646897,0.261249,18921,0.3636
243.0,19.0,0.3,83,384,27338,17434,71.192708,45.401042,0.63772,0.29539,17288,0.348166
243.5,19.0,0.5,83,395,28131,18731,71.217722,47.420253,0.665849,0.279671,18646,0.35772
244.0,19.0,0.5,82,394,27890,18346,70.786802,46.563452,0.657798,0.274541,18308,0.353782
244.5,23.0,0.5,82,338,23730,15687,70.207101,46.411243,0.661062,0.325564,15673,0.323139
245.0,19.0,0.2,82,298,20971,14584,70.372483,48.939597,0.695437,0.359566,14554,0.307354
245.5,19.0,0.3,82,299,20945,14206,70.050167,47.511706,0.678253,0.345291,14175,0.302711
246.0,13.0,0.2,80,305,21108,14314,69.206557,46.931148,0.678132,0.351341,14303,0.305497
246.5,13.0,0.5,81,308,21156,14738,68.688312,47.850649,0.696635,0.354491,14729,0.310311
247.0,13.0,0.1,80,303,20831,14288,68.749175,47.155116,0.685901,0.339237,14193,0.309919
247.5,23.0,0.2,80,330,22799,14612,69.087879,44.278788,0.640905,0.341077,14475,0.327434
248.0,19.0,0.1,81,388,26953,17950,69.466495,46.262887,0.665974,0.295605,17854,0.348795
248.5,10.0,0.2,80,415,28917,19341,69.679518,46.604819,0.668845,0.251274,19235,0.366677
249.0,19.0,0.1,80,450,31209,20317,69.353333,45.148889,0.650998,0.236349,20296,0.372353
249.5,19.0,0.5,79,475,32636,21291,68.707368,44.823158,0.652378,0.228148,21280,0.379781
250.0,23.0,0.3,80,468,32124,20925,68.641026,44.711538,0.651382,0.224826,20891,0.382451
250.5,10.0,0.1,80,418,28910,18996,69.162679,45.444976,0.657074,0.243398,18853,0.368325
251.0,10.0,0.5,80,374,25995,17276,69.505348,46.192513,0.664589,0.281588,17144,0.358204
251.5,10.0,0.1,79,362,25209,17340,69.638122,47.900552,0.68785,0.285696,17308,0.365853
252.0,19.0,0.3,78,377,26107,17061,69.249337,45.254642,0.653503,0.276236,17037,0.377924
252.5,13.0,0.5,79,391,27019,17055,69.102302,43.618926,0.631222,0.263254,16968,0.375891
253.0,16.0,0.1,79,346,23846,16875,68.919075,48.771676,0.707666,0.28896,16704,0.3596
253.5,16.0,0.3,79,346,23856,17224,68.947977,49.780347,0.721999,0.297623,17076,0.343697
254.0,19.0,0.5,78,385,26790,18501,69.584416,48.054545,0.690594,0.264325,18420,0.342722
254.5,10.0,0.1,78,360,24892,17099,69.144444,47.497222,0.686928,0.26069,17068,0.336139
255.0,23.0,0.3,77,338,23179,15951,68.576923,47.192308,0.688166,0.292695,15914,0.331496
255.5,16.0,0.1,77,356,24465,16945,68.72191,47.598315,0.692622,0.27604,16913,0.34821
256.0,19.0,0.3,77,368,25124,18046,68.271739,49.038043,0.718277,0.26442,18037,0.363067
256.5,16.0,0.1,77,384,26084,18297,67.927083,47.648438,0.701464,0.263103,18290,0.36121
257.0,23.0,0.1,76,384,26080,17367,67.916667,45.226562,0.665913,0.257013,17327,0.356897
257.5,13.0,0.5,74,393,26581,16758,67.636132,42.641221,0.63045,0.254449,16672,0.37224
258.0,19.0,0.5,74,415,27976,17282,67.412048,41.643373,0.617744,0.243427,17234,0.385353
258.5,16.0,0.3,76,382,25877,17403,67.740838,45.557592,0.672528,0.250515,17309,0.366317
259.0,23.0,0.3,75,329,22376,15816,68.012158,48.072948,0.706829,0.271418,15672,0.349993
259.5,19.0,0.3,74,303,20382,13805,67.267327,45.561056,0.677313,0.31699,13693,0.337068
260.0,16.0,0.1,74,281,18740,12565,66.690391,44.715302,0.670491,0.355531,12450,0.328736
260.5,10.0,0.2,74,282,18736,13166,66.439716,46.687943,0.702711,0.320617,13082,0.323051
261.0,10.0,0.1,74,326,21554,14260,66.116564,43.742331,0.661594,0.282024,14187,0.335085
261.5,13.0,0.1,75,356,23705,15521,66.587079,43.598315,0.654756,0.292648,15295,0.347059
262.0,23.0,0.3,75,401,26741,17821,66.685786,44.441397,0.66643,0.236252,17626,0.370285
262.5,13.0,0.2,75,432,28676,19017,66.37963,44.020833,0.663168,0.213496,18982,0.38071
263.0,23.0,0.1,75,416,27506,17751,66.120192,42.670673,0.64535,0.232092,17737,0.363996
263.5,13.0,0.2,74,412,27050,17674,65.65534,42.898058,0.653383,0.239777,17589,0.356329
264.0,10.0,0.1,74,422,27661,19175,65.547393,45.438389,0.693214,0.22873,18984,0.372303
264.5,10.0,0.1,75,429,28211,18315,65.759907,42.692308,0.649215,0.217569,18035,0.380079
265.0,13.0,0.3,75,449,29527,18713,65.761693,41.67706,0.633759,0.23151,18531,0.38643
265.5,23.0,0.1,76,458,30244,18810,66.034934,41.069869,0.621942,0.225675,18718,0.377851
266.0,19.0,0.1,76,445,29499,18757,66.289888,42.150562,0.635852,0.240573,18650,0.367466
266.5,16.0,0.5,77,457,30341,19852,66.391685,43.439825,0.654296,0.235178,19770,0.375006
267.0,10.0,0.2,76,465,30846,20442,66.335484,43.96129,0.662712,0.222127,20313,0.382983
267.5,13.0,0.1,76,419,27605,19194,65.883055,45.809069,0.695309,0.226486,19171,0.369421
268.0,10.0,0.1,78,394,26183,17786,66.454315,45.142132,0.679296,0.242686,17568,0.347889
268.5,23.0,0.1,79,441,29894,18640,67.786848,42.267574,0.623536,0.232882,18304,0.359142
269.0,13.0,0.1,79,486,33085,21339,68.076132,43.907407,0.644975,0.213994,21213,0.384918
269.5,10.0,0.3,78,512,34695,23399,67.763672,45.701172,0.67442,0.202593,23306,0.397424
270.0,13.0,0.1,79,507,34406,22888,67.861933,45.143984,0.665233,0.203667,22812,0.382861
270.5,10.0,0.1,79,466,31915,20420,68.487124,43.819742,0.639825,0.212481,20183,0.372882
271.0,19.0,0.1,79,469,32160,20936,68.571429,44.639659,0.650995,0.223901,20772,0.383884
271.5,10.0,0.3,79,508,34723,22162,68.352362,43.625984,0.638251,0.20948,22123,0.398353
272.0,19.0,0.3,78,525,35813,22269,68.215238,42.417143,0.621813,0.204337,22130,0.39346
272.5,10.0,0.3,79,513,35092,22606,68.405458,44.066277,0.644192,0.201122,22262,0.391594
273.0,23.0,0.1,79,487,33536,22380,68.862423,45.954825,0.667343,0.20254,22143,0.400057
273.5,10.0,0.1,79,473,32513,21277,68.737844,44.983087,0.654415,0.21033,21221,0.395567
274.0,19.0,0.1,79,487,33396,21953,68.574949,45.078029,0.657354,0.206081,21924,0.386281
274.5,19.0,0.1,79,509,34944,22263,68.652259,43.738703,0.637105,0.203621,22172,0.388115
275.0,13.0,0.5,81,540,37470,24164,69.388889,44.748148,0.644889,0.202897,23839,0.394329
275.5,19.0,0.3,81,534,37290,23897,69.831461,44.750936,0.640842,0.200871,23570,0.402101
276.0,13.0,0.5,83,467,32693,19832,70.006424,42.466809,0.606613,0.229197,19703,0.374031
276.5,13.0,0.3,82,387,27351,17961,70.674419,46.410853,0.656685,0.271993,17786,0.354654
277.0,13.0,0.1,83,332,23802,16295,71.692771,49.081325,0.684606,0.312193,16066,0.341789
277.5,23.0,0.3,82,335,23978,16458,71.576119,49.128358,0.686379,0.316293,16321,0.33461
278.0,23.0,0.5,81,363,25840,17732,71.184573,48.848485,0.686223,0.286509,17709,0.337068
278.5,19.0,0.3,81,352,25033,17460,71.116477,49.602273,0.697479,0.28616,17452,0.333353
279.0,10.0,0.2,81,310,21990,15288,70.935484,49.316129,0.695225,0.326554,15218,0.318198
279.5,23.0,0.1,81,298,21230,14336,71.241611,48.107383,0.675271,0.326638,14161,0.304935
280.0,13.0,0.5,83,321,23029,15214,71.741433,47.395639,0.660645,0.310141,14965,0.319626
280.5,19.0,0.2,85,350,25317,16674,72.334286,47.64,0.658609,0.30354,16407,0.33922
281.0,23.0,0.5,83,346,25124,16280,72.612717,47.052023,0.647986,0.299598,16039,0.326149
281.5,16.0,0.1,83,326,23595,15251,72.377301,46.782209,0.646366,0.31776,15166,0.322211
282.0,23.0,0.1,83,338,24271,15261,71.807692,45.150888,0.628775,0.318975,15244,0.329639
282.5,10.0,0.2,84,386,27600,17813,71.502591,46.147668,0.645399,0.286222,17805,0.345049
283.0,13.0,0.2,84,417,29991,19861,71.920863,47.628297,0.662232,0.2669,19772,0.364648
283.5,10.0,0.3,85,419,30595,18811,73.019093,44.894988,0.614839,0.266871,18589,0.348615
284.0,19.0,0.1,86,400,29480,16601,73.7,41.5025,0.563128,0.28603,16242,0.336603
284.5,13.0,0.5,86,400,29667,16148,74.1675,40.37,0.544308,0.30735,15887,0.327145
285.0,19.0,0.1,86,406,30180,16184,74.334975,39.862069,0.536249,0.302683,16121,0.325925
285.5,10.0,0.2,85,403,29881,17461,74.146402,43.327543,0.584351,0.308565,17434,0.339526
286.0,16.0,0.1,86,424,31790,19159,74.976415,45.186321,0.602674,0.299169,18990,0.355693
286.5,19.0,0.5,86,449,34215,20744,76.202673,46.200445,0.606284,0.269123,20512,0.370075
287.0,23.0,0.1,86,463,35525,21249,76.727862,45.894168,0.598142,0.246734,21149,0.37163
287.5,10.0,0.5,87,459,35365,21244,77.04793,46.283224,0.600707,0.246404,21043,0.37262
288.0,10.0,0.2,88,449,34913,22723,77.757238,50.608018,0.650846,0.248239,22411,0.373777
288.5,16.0,0.1,89,415,32549,21754,78.431325,52.419277,0.668346,0.267621,21447,0.3482
289.0,10.0,0.1,88,401,31513,20469,78.586035,51.044888,0.649541,0.288419,20318,0.34132
289.5,13.0,0.2,89,438,34496,21743,78.757991,49.641553,0.630305,0.264573,21639,0.363714
290.0,10.0,0.2,89,464,36555,23058,78.782328,49.693966,0.630776,0.244384,22955,0.374033
290.5,13.0,0.2,89,233,18305,11069,78.562232,47.506438,0.604698,0.239671,11058,0.182927
291.0,19.0,0.2,89,0,0,0,0.0,0.0,0.0,0.0,0,0.0
291.5,10.0,0.3,89,0,0,0,0.0,0.0,0.0,0.0,0,0.0
292.0,13.0,0.1,89,0,0,0,0.0,0.0,0.0,0.0,0,0.0
292.5,19.0,0.1,89,0,0,0,0.0,0.0,0.0,0.0,0,0.0
293.0,19.0,0.5,89,0,0,0,0.0,0.0,0.0,0.0,0,0.0
293.5,19.0,0.5,93,0,0,0,0.0,0.0,0.0,0.0,0,0.0
294.0,23.0,0.3,92,0,0,0,0.0,0.0,0.0,0.0,0,0.0
294.5,13.0,0.3,93,0,0,0,0.0,0.0,0.0,0.0,0,0.0
295.0,10.0,0.5,93,0,0,0,0.0,0.0,0.0,0.0,0,0.0
295.5,13.0,0.1,93,0,0,0,0.0,0.0,0.0,0.0,0,0.0
296.0,23.0,0.3,90,0,0,0,0.0,0.0,0.0,0.0,0,0.0
296.5,19.0,0.1,93,0,0,0,0.0,0.0,0.0,0.0,0,0.0
297.0,10.0,0.1,93,0,0,0,0.0,0.0,0.0,0.0,0,0.0
297.5,10.0,0.5,93,0,0,0,0.0,0.0,0.0,0.0,0,0.0
298.0,13.0,0.5,94,0,0,0,0.0,0.0,0.0,0.0,0,0.0
298.5,19.0,0.2,93,0,0,0,0.0,0.0,0.0,0.0,0,0.0
299.0,13.0,0.5,94,0,0,0,0.0,0.0,0.0,0.0,0,0.0
299.5,13.0,0.5,94,0,0,0,0.0,0.0,0.0,0.0,0,0.0
